tour,year,type,rank,rider,nationality,team
Paris-Nice,2021,stage_1,1,Sam Bennett,IRL,Deceuninck–Quick-Step
Paris-Nice,2021,stage_1,2,Arnaud Démare,FRA,Groupama–FDJ
Paris-Nice,2021,stage_1,3,Mads Pedersen,DEN,Trek–Segafredo
Paris-Nice,2021,stage_1,4,Jasper Philipsen,BEL,Alpecin–Fenix
Paris-Nice,2021,stage_1,5,Bryan Coquard,FRA,B&B Hotels p/b KTM
Paris-Nice,2021,stage_1,6,Pascal Ackermann,GER,Bora–Hansgrohe
Paris-Nice,2021,stage_1,7,Phil Bauhaus,GER,Team Bahrain Victorious
Paris-Nice,2021,stage_1,8,Christophe Laporte,FRA,Cofidis
Paris-Nice,2021,stage_1,9,André Greipel,GER,Israel Start-Up Nation
Paris-Nice,2021,stage_1,10,Rudy Barbier,FRA,Israel Start-Up Nation
Paris-Nice,2021,stage_2,1,Cees Bol,NED,Team DSM
Paris-Nice,2021,stage_2,2,Mads Pedersen,DEN,Trek–Segafredo
Paris-Nice,2021,stage_2,3,Michael Matthews,AUS,Team BikeExchange
Paris-Nice,2021,stage_2,4,Bryan Coquard,FRA,B&B Hotels p/b KTM
Paris-Nice,2021,stage_2,5,Sam Bennett,IRL,Deceuninck–Quick-Step
Paris-Nice,2021,stage_2,6,John Degenkolb,GER,Lotto–Soudal
Paris-Nice,2021,stage_2,7,Pascal Ackermann,GER,Bora–Hansgrohe
Paris-Nice,2021,stage_2,8,Phil Bauhaus,GER,Team Bahrain Victorious
Paris-Nice,2021,stage_2,9,Jasper Philipsen,BEL,Alpecin–Fenix
Paris-Nice,2021,stage_2,10,Rudy Barbier,FRA,Israel Start-Up Nation
Paris-Nice,2021,stage_3,1,Stefan Bissegger,SUI,EF Education–Nippo
Paris-Nice,2021,stage_3,2,Rémi Cavagna,FRA,Deceuninck–Quick-Step
Paris-Nice,2021,stage_3,3,Primož Roglič,SLO,Team Jumbo–Visma
Paris-Nice,2021,stage_3,4,Brandon McNulty,USA,UAE Team Emirates
Paris-Nice,2021,stage_3,5,Søren Kragh Andersen,DEN,Team DSM
Paris-Nice,2021,stage_3,6,Rohan Dennis,AUS,Ineos Grenadiers
Paris-Nice,2021,stage_3,7,Christophe Laporte,FRA,Cofidis
Paris-Nice,2021,stage_3,8,Dylan van Baarle,NED,Ineos Grenadiers
Paris-Nice,2021,stage_3,9,Yves Lampaert,BEL,Deceuninck–Quick-Step
Paris-Nice,2021,stage_3,10,Patrick Bevin,NZL,Israel Start-Up Nation
Paris-Nice,2021,stage_4,1,Primož Roglič,SLO,Team Jumbo–Visma
Paris-Nice,2021,stage_4,2,Maximilian Schachmann,GER,Bora–Hansgrohe
Paris-Nice,2021,stage_4,3,Guillaume Martin,FRA,Cofidis
Paris-Nice,2021,stage_4,4,Tiesj Benoot,BEL,Team DSM
Paris-Nice,2021,stage_4,5,Aleksandr Vlasov,RUS,Astana–Premier Tech
Paris-Nice,2021,stage_4,6,Lucas Hamilton,AUS,Team BikeExchange
Paris-Nice,2021,stage_4,7,David Gaudu,FRA,Groupama–FDJ
Paris-Nice,2021,stage_4,8,Quentin Pacher,FRA,B&B Hotels p/b KTM
Paris-Nice,2021,stage_4,9,Pierre Latour,FRA,Total Direct Énergie
Paris-Nice,2021,stage_4,10,Ion Izagirre,ESP,Astana–Premier Tech
Paris-Nice,2021,stage_5,1,Sam Bennett,IRL,Deceuninck–Quick-Step
Paris-Nice,2021,stage_5,2,Nacer Bouhanni,FRA,Arkéa–Samsic
Paris-Nice,2021,stage_5,3,Pascal Ackermann,GER,Bora–Hansgrohe
Paris-Nice,2021,stage_5,4,Phil Bauhaus,GER,Team Bahrain Victorious
Paris-Nice,2021,stage_5,5,Giacomo Nizzolo,ITA,Team Qhubeka Assos
Paris-Nice,2021,stage_5,6,Alexander Kristoff,NOR,UAE Team Emirates
Paris-Nice,2021,stage_5,7,Bryan Coquard,FRA,B&B Hotels p/b KTM
Paris-Nice,2021,stage_5,8,Christophe Laporte,FRA,Cofidis
Paris-Nice,2021,stage_5,9,Rudy Barbier,FRA,Israel Start-Up Nation
Paris-Nice,2021,stage_5,10,Danny van Poppel,NED,Intermarché–Wanty–Gobert Matériaux
Paris-Nice,2021,stage_6,1,Primož Roglič,SLO,Team Jumbo–Visma
Paris-Nice,2021,stage_6,2,Christophe Laporte,FRA,Cofidis
Paris-Nice,2021,stage_6,3,Michael Matthews,AUS,Team BikeExchange
Paris-Nice,2021,stage_6,4,Dylan Teuns,BEL,Team Bahrain Victorious
Paris-Nice,2021,stage_6,5,Aurélien Paret-Peintre,FRA,AG2R Citroën Team
Paris-Nice,2021,stage_6,6,Lucas Hamilton,AUS,Team BikeExchange
Paris-Nice,2021,stage_6,7,Bryan Coquard,FRA,B&B Hotels p/b KTM
Paris-Nice,2021,stage_6,8,Quentin Pacher,FRA,B&B Hotels p/b KTM
Paris-Nice,2021,stage_6,9,Sergio Henao,COL,Team Qhubeka Assos
Paris-Nice,2021,stage_6,10,Krists Neilands,LAT,Israel Start-Up Nation
Paris-Nice,2021,stage_7,1,Primož Roglič,SLO,Team Jumbo–Visma
Paris-Nice,2021,stage_7,2,Gino Mäder,SUI,Team Bahrain Victorious
Paris-Nice,2021,stage_7,3,Maximilian Schachmann,GER,Bora–Hansgrohe
Paris-Nice,2021,stage_7,4,Lucas Hamilton,AUS,Team BikeExchange
Paris-Nice,2021,stage_7,5,Aleksandr Vlasov,RUS,Astana–Premier Tech
Paris-Nice,2021,stage_7,6,Tiesj Benoot,BEL,Team DSM
Paris-Nice,2021,stage_7,7,Guillaume Martin,FRA,Cofidis
Paris-Nice,2021,stage_7,8,Ion Izagirre,ESP,Astana–Premier Tech
Paris-Nice,2021,stage_7,9,Harm Vanhoucke,BEL,Lotto–Soudal
Paris-Nice,2021,stage_7,10,Jai Hindley,AUS,Team DSM
Paris-Nice,2022,stage_1,1,Christophe Laporte,FRA,Team Jumbo–Visma
Paris-Nice,2022,stage_1,2,Primož Roglič,SLO,Team Jumbo–Visma
Paris-Nice,2022,stage_1,3,Wout van Aert,BEL,Team Jumbo–Visma
Paris-Nice,2022,stage_1,4,Pierre Latour,FRA,Team TotalEnergies
Paris-Nice,2022,stage_1,5,Mads Pedersen,DEN,Trek–Segafredo
Paris-Nice,2022,stage_1,6,Biniam Girmay,ERI,Intermarché–Wanty–Gobert Matériaux
Paris-Nice,2022,stage_1,7,Iván García Cortina,ESP,Movistar Team
Paris-Nice,2022,stage_1,8,Fred Wright,GBR,Team Bahrain Victorious
Paris-Nice,2022,stage_1,9,Jasper Philipsen,BEL,Alpecin–Fenix
Paris-Nice,2022,stage_1,10,Florian Sénéchal,FRA,Quick-Step Alpha Vinyl Team
Paris-Nice,2022,stage_2,1,Fabio Jakobsen,NED,Quick-Step Alpha Vinyl Team
Paris-Nice,2022,stage_2,2,Wout van Aert,BEL,Team Jumbo–Visma
Paris-Nice,2022,stage_2,3,Christophe Laporte,FRA,Team Jumbo–Visma
Paris-Nice,2022,stage_2,4,Luka Mezgec,SLO,Team BikeExchange–Jayco
Paris-Nice,2022,stage_2,5,Mads Pedersen,DEN,Trek–Segafredo
Paris-Nice,2022,stage_2,6,Jasper Stuyven,BEL,Trek–Segafredo
Paris-Nice,2022,stage_2,7,Luca Mozzato,ITA,B&B Hotels–KTM
Paris-Nice,2022,stage_2,8,Juan Sebastián Molano,COL,UAE Team Emirates
Paris-Nice,2022,stage_2,9,Oliver Naesen,BEL,AG2R Citroën Team
Paris-Nice,2022,stage_2,10,Cees Bol,NED,Team DSM
Paris-Nice,2022,stage_3,1,Mads Pedersen,DEN,Trek–Segafredo
Paris-Nice,2022,stage_3,2,Bryan Coquard,FRA,Cofidis
Paris-Nice,2022,stage_3,3,Wout van Aert,BEL,Team Jumbo–Visma
Paris-Nice,2022,stage_3,4,Jasper Philipsen,BEL,Alpecin–Fenix
Paris-Nice,2022,stage_3,5,Anthony Turgis,FRA,Team TotalEnergies
Paris-Nice,2022,stage_3,6,Biniam Girmay,ERI,Intermarché–Wanty–Gobert Matériaux
Paris-Nice,2022,stage_3,7,Fred Wright,GBR,Team Bahrain Victorious
Paris-Nice,2022,stage_3,8,Danny van Poppel,NED,Bora–Hansgrohe
Paris-Nice,2022,stage_3,9,Ethan Hayter,GBR,Ineos Grenadiers
Paris-Nice,2022,stage_3,10,Juan Sebastián Molano,COL,UAE Team Emirates
Paris-Nice,2022,stage_4,1,Wout van Aert,BEL,Team Jumbo–Visma
Paris-Nice,2022,stage_4,2,Primož Roglič,SLO,Team Jumbo–Visma
Paris-Nice,2022,stage_4,3,Rohan Dennis,AUS,Team Jumbo–Visma
Paris-Nice,2022,stage_4,4,Stefan Küng,SUI,Groupama–FDJ
Paris-Nice,2022,stage_4,5,Simon Yates,GBR,Team BikeExchange–Jayco
Paris-Nice,2022,stage_4,6,Ethan Hayter,GBR,Ineos Grenadiers
Paris-Nice,2022,stage_4,7,Pierre Latour,FRA,Team TotalEnergies
Paris-Nice,2022,stage_4,8,Stefan Bissegger,SUI,EF Education–EasyPost
Paris-Nice,2022,stage_4,9,Mads Pedersen,DEN,Trek–Segafredo
Paris-Nice,2022,stage_4,10,Daniel Martínez,COL,Ineos Grenadiers
Paris-Nice,2022,stage_5,1,Brandon McNulty,USA,UAE Team Emirates
Paris-Nice,2022,stage_5,2,Franck Bonnamour,FRA,B&B Hotels–KTM
Paris-Nice,2022,stage_5,3,Matteo Jorgenson,USA,Movistar Team
Paris-Nice,2022,stage_5,4,Harm Vanhoucke,BEL,Lotto–Soudal
Paris-Nice,2022,stage_5,5,Laurent Pichon,FRA,Arkéa–Samsic
Paris-Nice,2022,stage_5,6,Anthony Turgis,FRA,Team TotalEnergies
Paris-Nice,2022,stage_5,7,Valentin Madouas,FRA,Groupama–FDJ
Paris-Nice,2022,stage_5,8,Owain Doull,GBR,EF Education–EasyPost
Paris-Nice,2022,stage_5,9,Pierre Latour,FRA,Team TotalEnergies
Paris-Nice,2022,stage_5,10,Quentin Pacher,FRA,Groupama–FDJ
Paris-Nice,2022,stage_6,1,Mathieu Burgaudeau,FRA,Team TotalEnergies
Paris-Nice,2022,stage_6,2,Mads Pedersen,DEN,Trek–Segafredo
Paris-Nice,2022,stage_6,3,Wout van Aert,BEL,Team Jumbo–Visma
Paris-Nice,2022,stage_6,4,Biniam Girmay,ERI,Intermarché–Wanty–Gobert Matériaux
Paris-Nice,2022,stage_6,5,Bryan Coquard,FRA,Cofidis
Paris-Nice,2022,stage_6,6,Luka Mezgec,SLO,Team BikeExchange–Jayco
Paris-Nice,2022,stage_6,7,Iván García Cortina,ESP,Movistar Team
Paris-Nice,2022,stage_6,8,Dorian Godon,FRA,AG2R Citroën Team
Paris-Nice,2022,stage_6,9,Florian Sénéchal,FRA,Quick-Step Alpha Vinyl Team
Paris-Nice,2022,stage_6,10,Luca Mozzato,ITA,B&B Hotels–KTM
Paris-Nice,2022,stage_7,1,Primož Roglič,SLO,Team Jumbo–Visma
Paris-Nice,2022,stage_7,2,Daniel Martínez,COL,Ineos Grenadiers
Paris-Nice,2022,stage_7,3,Simon Yates,GBR,Team BikeExchange–Jayco
Paris-Nice,2022,stage_7,4,Nairo Quintana,COL,Arkéa–Samsic
Paris-Nice,2022,stage_7,5,João Almeida,POR,UAE Team Emirates
Paris-Nice,2022,stage_7,6,Brandon McNulty,USA,UAE Team Emirates
Paris-Nice,2022,stage_7,7,Jack Haig,AUS,Team Bahrain Victorious
Paris-Nice,2022,stage_7,8,Adam Yates,GBR,Ineos Grenadiers
Paris-Nice,2022,stage_7,9,Guillaume Martin,FRA,Cofidis
Paris-Nice,2022,stage_7,10,Wout Poels,NED,Team Bahrain Victorious
Paris-Nice,2023,stage_1,1,Tim Merlier,BEL,Soudal–Quick-Step
Paris-Nice,2023,stage_1,2,Sam Bennett,IRL,Bora–Hansgrohe
Paris-Nice,2023,stage_1,3,Mads Pedersen,DEN,Trek–Segafredo
Paris-Nice,2023,stage_1,4,Olav Kooij,NED,Team Jumbo–Visma
Paris-Nice,2023,stage_1,5,Arnaud De Lie,BEL,Lotto–Dstny
Paris-Nice,2023,stage_1,6,Michael Matthews,AUS,Team Jayco–AlUla
Paris-Nice,2023,stage_1,7,Bryan Coquard,FRA,Cofidis
Paris-Nice,2023,stage_1,8,Iván García Cortina,ESP,Movistar Team
Paris-Nice,2023,stage_1,9,Kaden Groves,AUS,Alpecin–Deceuninck
Paris-Nice,2023,stage_1,10,Arnaud Démare,FRA,Groupama–FDJ
Paris-Nice,2023,stage_2,1,Mads Pedersen,DEN,Trek–Segafredo
Paris-Nice,2023,stage_2,2,Olav Kooij,NED,Team Jumbo–Visma
Paris-Nice,2023,stage_2,3,Magnus Cort,DEN,EF Education–EasyPost
Paris-Nice,2023,stage_2,4,Daniel McLay,GBR,Arkéa–Samsic
Paris-Nice,2023,stage_2,5,Lionel Taminiaux,BEL,Alpecin–Deceuninck
Paris-Nice,2023,stage_2,6,Michael Matthews,AUS,Team Jayco–AlUla
Paris-Nice,2023,stage_2,7,Marijn van den Berg,NED,EF Education–EasyPost
Paris-Nice,2023,stage_2,8,Cees Bol,NED,Astana Qazaqstan Team
Paris-Nice,2023,stage_2,9,Alexis Renard,FRA,Cofidis
Paris-Nice,2023,stage_2,10,Arnaud Démare,FRA,Groupama–FDJ
Paris-Nice,2023,stage_4,1,Tadej Pogačar,SLO,UAE Team Emirates
Paris-Nice,2023,stage_4,2,David Gaudu,FRA,Groupama–FDJ
Paris-Nice,2023,stage_4,3,Gino Mäder,SUI,Team Bahrain Victorious
Paris-Nice,2023,stage_4,4,Aurélien Paret-Peintre,FRA,AG2R Citroën Team
Paris-Nice,2023,stage_4,5,Kévin Vauquelin,FRA,Arkéa–Samsic
Paris-Nice,2023,stage_4,6,Jonas Vingegaard,DEN,Team Jumbo–Visma
Paris-Nice,2023,stage_4,7,Romain Bardet,FRA,Team DSM
Paris-Nice,2023,stage_4,8,Daniel Martínez,COL,Ineos Grenadiers
Paris-Nice,2023,stage_4,9,Simon Yates,GBR,Team Jayco–AlUla
Paris-Nice,2023,stage_4,10,Matteo Jorgenson,USA,Movistar Team
Paris-Nice,2023,stage_5,1,Olav Kooij,NED,Team Jumbo–Visma
Paris-Nice,2023,stage_5,2,Mads Pedersen,DEN,Trek–Segafredo
Paris-Nice,2023,stage_5,3,Tim Merlier,BEL,Soudal–Quick-Step
Paris-Nice,2023,stage_5,4,Matteo Trentin,ITA,UAE Team Emirates
Paris-Nice,2023,stage_5,5,Max Kanter,GER,Movistar Team
Paris-Nice,2023,stage_5,6,Bryan Coquard,FRA,Cofidis
Paris-Nice,2023,stage_5,7,Sam Bennett,IRL,Bora–Hansgrohe
Paris-Nice,2023,stage_5,8,Arne Marit,BEL,Intermarché–Circus–Wanty
Paris-Nice,2023,stage_5,9,Hugo Page,FRA,Intermarché–Circus–Wanty
Paris-Nice,2023,stage_5,10,Cees Bol,NED,Astana Qazaqstan Team
Paris-Nice,2023,stage_7,1,Tadej Pogačar,SLO,UAE Team Emirates
Paris-Nice,2023,stage_7,2,David Gaudu,FRA,Groupama–FDJ
Paris-Nice,2023,stage_7,3,Jonas Vingegaard,DEN,Team Jumbo–Visma
Paris-Nice,2023,stage_7,4,Simon Yates,GBR,Team Jayco–AlUla
Paris-Nice,2023,stage_7,5,Neilson Powless,USA,EF Education–EasyPost
Paris-Nice,2023,stage_7,6,Gino Mäder,SUI,Team Bahrain Victorious
Paris-Nice,2023,stage_7,7,Romain Bardet,FRA,Team DSM
Paris-Nice,2023,stage_7,8,Pavel Sivakov,FRA,Ineos Grenadiers
Paris-Nice,2023,stage_7,9,Matteo Jorgenson,USA,Movistar Team
Paris-Nice,2023,stage_7,10,Pierre Latour,FRA,Team TotalEnergies
Paris-Nice,2024,stage_1,1,Olav Kooij,NED,Visma–Lease a Bike
Paris-Nice,2024,stage_1,2,Mads Pedersen,DEN,Lidl–Trek
Paris-Nice,2024,stage_1,3,Laurence Pithie,NZL,Groupama–FDJ
Paris-Nice,2024,stage_1,4,Nils Eekhoff,NED,Team DSM–Firmenich PostNL
Paris-Nice,2024,stage_1,5,Madis Mihkels,EST,Intermarché–Wanty
Paris-Nice,2024,stage_1,6,Michael Matthews,AUS,Team Jayco–AlUla
Paris-Nice,2024,stage_1,7,Matteo Trentin,ITA,Tudor Pro Cycling Team
Paris-Nice,2024,stage_1,8,Mattias Skjelmose,DEN,Lidl–Trek
Paris-Nice,2024,stage_1,9,Sandy Dujardin,FRA,Team TotalEnergies
Paris-Nice,2024,stage_1,10,Kaden Groves,AUS,Alpecin–Deceuninck
Paris-Nice,2024,stage_2,1,Arvid de Kleijn,NED,Tudor Pro Cycling Team
Paris-Nice,2024,stage_2,2,Laurence Pithie,NZL,Groupama–FDJ
Paris-Nice,2024,stage_2,3,Dylan Groenewegen,NED,Team Jayco–AlUla
Paris-Nice,2024,stage_2,4,Danny van Poppel,NED,Bora–Hansgrohe
Paris-Nice,2024,stage_2,5,Gerben Thijssen,BEL,Intermarché–Wanty
Paris-Nice,2024,stage_2,6,Sam Bennett,IRL,Decathlon–AG2R La Mondiale
Paris-Nice,2024,stage_2,7,Dries Van Gestel,BEL,Team TotalEnergies
Paris-Nice,2024,stage_2,8,Mads Pedersen,DEN,Lidl–Trek
Paris-Nice,2024,stage_2,9,Pascal Ackermann,GER,Israel–Premier Tech
Paris-Nice,2024,stage_2,10,Matteo Sobrero,ITA,Bora–Hansgrohe
Paris-Nice,2024,stage_4,1,Santiago Buitrago,COL,Team Bahrain Victorious
Paris-Nice,2024,stage_4,2,Luke Plapp,AUS,Team Jayco–AlUla
Paris-Nice,2024,stage_4,3,Mattias Skjelmose,DEN,Lidl–Trek
Paris-Nice,2024,stage_4,4,Remco Evenepoel,BEL,Soudal–Quick-Step
Paris-Nice,2024,stage_4,5,Egan Bernal,COL,Ineos Grenadiers
Paris-Nice,2024,stage_4,6,Felix Gall,AUT,Decathlon–AG2R La Mondiale
Paris-Nice,2024,stage_4,7,Primož Roglič,SLO,Bora–Hansgrohe
Paris-Nice,2024,stage_4,8,Matteo Jorgenson,USA,Visma–Lease a Bike
Paris-Nice,2024,stage_4,9,Harold Tejada,COL,Astana Qazaqstan Team
Paris-Nice,2024,stage_4,10,Brandon McNulty,USA,UAE Team Emirates
Paris-Nice,2024,stage_5,1,Olav Kooij,NED,Visma–Lease a Bike
Paris-Nice,2024,stage_5,2,Mads Pedersen,DEN,Lidl–Trek
Paris-Nice,2024,stage_5,3,Pascal Ackermann,GER,Israel–Premier Tech
Paris-Nice,2024,stage_5,4,Sam Bennett,IRL,Decathlon–AG2R La Mondiale
Paris-Nice,2024,stage_5,5,Danny van Poppel,NED,Bora–Hansgrohe
Paris-Nice,2024,stage_5,6,Tobias Lund Andresen,DEN,Team DSM–Firmenich PostNL
Paris-Nice,2024,stage_5,7,Matteo Trentin,ITA,Tudor Pro Cycling Team
Paris-Nice,2024,stage_5,8,Laurence Pithie,NZL,Groupama–FDJ
Paris-Nice,2024,stage_5,9,Madis Mihkels,EST,Intermarché–Wanty
Paris-Nice,2024,stage_5,10,Dušan Rajović,SRB,Team Bahrain Victorious
Paris-Nice,2024,stage_6,1,Mattias Skjelmose,DEN,Lidl–Trek
Paris-Nice,2024,stage_6,2,Brandon McNulty,USA,UAE Team Emirates
Paris-Nice,2024,stage_6,3,Matteo Jorgenson,USA,Visma–Lease a Bike
Paris-Nice,2024,stage_6,4,Remco Evenepoel,BEL,Soudal–Quick-Step
Paris-Nice,2024,stage_6,5,Harold Tejada,COL,Astana Qazaqstan Team
Paris-Nice,2024,stage_6,6,Aurélien Paret-Peintre,FRA,Decathlon–AG2R La Mondiale
Paris-Nice,2024,stage_6,7,Felix Gall,AUT,Decathlon–AG2R La Mondiale
Paris-Nice,2024,stage_6,8,Wilco Kelderman,NED,Visma–Lease a Bike
Paris-Nice,2024,stage_6,9,Primož Roglič,SLO,Bora–Hansgrohe
Paris-Nice,2024,stage_6,10,Egan Bernal,COL,Ineos Grenadiers
Paris-Nice,2024,stage_7,2,Remco Evenepoel,BEL,Soudal–Quick-Step
Paris-Nice,2024,stage_7,3,Primož Roglič,SLO,Bora–Hansgrohe
Paris-Nice,2024,stage_7,4,Mattias Skjelmose,DEN,Lidl–Trek
Paris-Nice,2024,stage_7,5,Matteo Jorgenson,USA,Visma–Lease a Bike
Paris-Nice,2024,stage_7,6,Santiago Buitrago,COL,Team Bahrain Victorious
Paris-Nice,2024,stage_7,7,Brandon McNulty,USA,UAE Team Emirates
Paris-Nice,2024,stage_7,8,Wilco Kelderman,NED,Visma–Lease a Bike
Paris-Nice,2024,stage_7,9,Aurélien Paret-Peintre,FRA,Decathlon–AG2R La Mondiale
Paris-Nice,2024,stage_7,10,Luke Plapp,AUS,Team Jayco–AlUla
Paris-Nice,2025,stage_1,1,Tim Merlier,BEL,Soudal–Quick-Step
Paris-Nice,2025,stage_1,2,Arnaud Démare,FRA,Arkéa–B&B Hotels
Paris-Nice,2025,stage_1,3,Alberto Dainese,ITA,Tudor Pro Cycling Team
Paris-Nice,2025,stage_1,4,Juan Sebastián Molano,COL,UAE Team Emirates XRG
Paris-Nice,2025,stage_1,5,Axel Zingle,FRA,Visma–Lease a Bike
Paris-Nice,2025,stage_1,6,Yevgeniy Fedorov,KAZ,XDS Astana Team
Paris-Nice,2025,stage_1,7,Mick van Dijke,NED,Red Bull–Bora–Hansgrohe
Paris-Nice,2025,stage_1,8,Timo Kielich,BEL,Alpecin–Deceuninck
Paris-Nice,2025,stage_1,9,Vincenzo Albanese,ITA,EF Education–EasyPost
Paris-Nice,2025,stage_1,10,Max Walscheid,GER,Team Jayco–AlUla
Paris-Nice,2025,stage_2,1,Tim Merlier,BEL,Soudal–Quick-Step
Paris-Nice,2025,stage_2,2,Emilien Jeannière,FRA,Team TotalEnergies
Paris-Nice,2025,stage_2,3,Mads Pedersen,DEN,Lidl–Trek
Paris-Nice,2025,stage_2,4,Alexander Kristoff,NOR,Uno-X Mobility
Paris-Nice,2025,stage_2,5,Timo Kielich,BEL,Alpecin–Deceuninck
Paris-Nice,2025,stage_2,6,Axel Zingle,FRA,Visma–Lease a Bike
Paris-Nice,2025,stage_2,7,Arnaud Démare,FRA,Arkéa–B&B Hotels
Paris-Nice,2025,stage_2,8,Matevž Govekar,SLO,Team Bahrain Victorious
Paris-Nice,2025,stage_2,9,Fabio Jakobsen,NED,Team Picnic–PostNL
Paris-Nice,2025,stage_2,10,Cees Bol,NED,XDS Astana Team
Paris-Nice,2025,stage_4,1,João Almeida,POR,UAE Team Emirates XRG
Paris-Nice,2025,stage_4,2,Jonas Vingegaard,DEN,Visma–Lease a Bike
Paris-Nice,2025,stage_4,3,Mattias Skjelmose,DEN,Lidl–Trek
Paris-Nice,2025,stage_4,4,Lenny Martinez,FRA,Team Bahrain Victorious
Paris-Nice,2025,stage_4,5,Florian Lipowitz,GER,Red Bull–Bora–Hansgrohe
Paris-Nice,2025,stage_4,6,Matteo Jorgenson,USA,Visma–Lease a Bike
Paris-Nice,2025,stage_4,7,Brandon McNulty,USA,UAE Team Emirates XRG
Paris-Nice,2025,stage_4,8,Harold Tejada,COL,XDS Astana Team
Paris-Nice,2025,stage_4,9,Thymen Arensman,NED,Ineos Grenadiers
Paris-Nice,2025,stage_4,10,Clément Champoussin,FRA,XDS Astana Team
Paris-Nice,2025,stage_5,1,Lenny Martinez,FRA,Team Bahrain Victorious
Paris-Nice,2025,stage_5,2,Clément Champoussin,FRA,XDS Astana Team
Paris-Nice,2025,stage_5,3,Matteo Jorgenson,USA,Visma–Lease a Bike
Paris-Nice,2025,stage_5,4,Harold Tejada,COL,XDS Astana Team
Paris-Nice,2025,stage_5,5,Florian Lipowitz,GER,Red Bull–Bora–Hansgrohe
Paris-Nice,2025,stage_5,6,João Almeida,POR,UAE Team Emirates XRG
Paris-Nice,2025,stage_5,7,Brandon McNulty,USA,UAE Team Emirates XRG
Paris-Nice,2025,stage_5,8,Ilan Van Wilder,BEL,Soudal–Quick-Step
Paris-Nice,2025,stage_5,9,Magnus Sheffield,USA,Ineos Grenadiers
Paris-Nice,2025,stage_5,10,Aurélien Paret-Peintre,FRA,Decathlon–AG2R La Mondiale
Paris-Nice,2025,stage_6,1,Mads Pedersen,DEN,Lidl–Trek
Paris-Nice,2025,stage_6,2,Joshua Tarling,GBR,Ineos Grenadiers
Paris-Nice,2025,stage_6,3,Samuel Watson,GBR,Ineos Grenadiers
Paris-Nice,2025,stage_6,4,Axel Zingle,FRA,Visma–Lease a Bike
Paris-Nice,2025,stage_6,5,Matteo Sobrero,ITA,Red Bull–Bora–Hansgrohe
Paris-Nice,2025,stage_6,6,Magnus Sheffield,USA,Ineos Grenadiers
Paris-Nice,2025,stage_6,7,Mattias Skjelmose,DEN,Lidl–Trek
Paris-Nice,2025,stage_6,8,Matteo Jorgenson,USA,Visma–Lease a Bike
Paris-Nice,2025,stage_6,9,Maximilian Schachmann,GER,Soudal–Quick-Step
Paris-Nice,2025,stage_6,10,Thymen Arensman,NED,Ineos Grenadiers
Paris-Nice,2025,stage_7,1,Michael Storer,AUS,Tudor Pro Cycling Team
Paris-Nice,2025,stage_7,2,Mauro Schmid,SUI,Team Jayco–AlUla
Paris-Nice,2025,stage_7,3,Georg Steinhauser,GER,EF Education–EasyPost
Paris-Nice,2025,stage_7,4,Iván Romeo,ESP,Movistar Team
Paris-Nice,2025,stage_7,5,Jordan Jegat,FRA,Team TotalEnergies
Paris-Nice,2025,stage_7,6,Felix Gall,AUT,Decathlon–AG2R La Mondiale
Paris-Nice,2025,stage_7,7,Lenny Martinez,FRA,Team Bahrain Victorious
Paris-Nice,2025,stage_7,8,Florian Lipowitz,GER,Red Bull–Bora–Hansgrohe
Paris-Nice,2025,stage_7,9,Clément Champoussin,FRA,XDS Astana Team
Paris-Nice,2025,stage_7,10,Mads Pedersen,DEN,Lidl–Trek
